{"cameraMode":{"drawMode":0,"name":"Shaded","section":"Shading Mode"},"sceneLighting":true,"audioPlay":false,"sceneViewState":{"showFog":true,"showMaterialUpdate":true,"showSkybox":true,"showFlares":true,"showImageEffects":true,"showParticleSystems":true},"in2DMode":false,"pivot":{"x":2.133291721343994,"y":-2.5901384353637697,"z":13.604814529418946},"rotation":{"x":0.2087240219116211,"y":0.019372940063476564,"z":-0.004134792368859053,"w":0.9777857661247253},"size":17.625640869140626,"orthographic":false}